ID,Question,Answer
1,How do I file a claim?,You can file a claim in three ways: 1) Through our mobile app 2) On our website www.insurance.com/claims 3) Call our 24/7 claims hotline at 1-800-XXX-XXXX
1,How do I file a claim?,"To file a claim, please log into your account and click on 'File a Claim' or contact our claims department directly"
1,How do I file a claim?,"Filing a claim is easy! Just use our mobile app, website, or call us anytime"
2,What documents do I need to submit for a claim?,"For most claims, you'll need: 1) Policy number 2) Photos of damage 3) Police report (if applicable) 4) Medical records (for health claims)"
2,What documents do I need to submit for a claim?,"Required documents typically include your policy number, incident documentation, and relevant photos or reports"
2,What documents do I need to submit for a claim?,Please have your policy number and incident documentation ready when submitting a claim
3,How long does it take to process a claim?,"Most claims are processed within 5-7 business days, though complex cases may take longer"
3,How long does it take to process a claim?,"We strive to process claims as quickly as possible, typically within a week"
3,How long does it take to process a claim?,"Claim processing time varies, but standard claims usually take 5-7 business days"
4,Can I change my coverage online?,"Yes, you can modify your coverage through our online portal. Log in to your account and select 'Modify Coverage'"
4,Can I change my coverage online?,Coverage changes can be made online through your account dashboard
4,Can I change my coverage online?,Visit our website and log in to your account to adjust your coverage options
5,What payment methods do you accept?,"We accept credit/debit cards, bank transfers, checks, and automatic payments through your bank account"
5,What payment methods do you accept?,"You can pay using any major credit card, bank transfer, or set up automatic payments"
5,What payment methods do you accept?,"Multiple payment options are available including credit cards, ACH, and checks"
6,How can I get a copy of my policy?,You can download your policy documents from your online account or request a copy by email
6,How can I get a copy of my policy?,"Log into your account to access all policy documents, or contact us to have them emailed to you"
6,How can I get a copy of my policy?,Policy documents are available in your online account or by request through customer service
7,What discounts are available?,"We offer multiple discounts including: multi-policy, safe driver, good student, and home security system discounts"
7,What discounts are available?,"Available discounts include bundling policies, maintaining a clean driving record, and home safety features"
7,What discounts are available?,Ask about our various discount programs - you might qualify for several!
8,How do I update my personal information?,You can update your information through your online account or by calling our customer service team
8,How do I update my personal information?,Personal information updates can be made online or by contacting us directly
8,How do I update my personal information?,"Log into your account to update your contact details, address, or other personal information"
9,What is covered under my home insurance policy?,"Standard home insurance typically covers structure damage, personal property, liability, and additional living expenses"
9,What is covered under my home insurance policy?,"Your policy includes coverage for your home's structure, belongings, liability protection, and temporary living costs if needed"
9,What is covered under my home insurance policy?,"Home insurance protects against damage to your house, personal belongings, and provides liability coverage"
10,How do I cancel my policy?,"To cancel your policy, please contact our customer service team or submit a cancellation request through your online account"
10,How do I cancel my policy?,Policy cancellation requests can be submitted online or by speaking with a representative
10,How do I cancel my policy?,Contact us to discuss policy cancellation options and any potential refunds
2,What documents do I need to submit for a claim?,"Required documents typically include your policy number, incident documentation, and relevant photos or reports"
2,What documents do I need to submit for a claim?,Please have your policy number and incident documentation ready when submitting a claim
3,How long does it take to process a claim?,"Most claims are processed within 5-7 business days, though complex cases may take longer"
3,How long does it take to process a claim?,"We strive to process claims as quickly as possible, typically within a week"
3,How long does it take to process a claim?,"Claim processing time varies, but standard claims usually take 5-7 business days"
4,Can I change my coverage online?,"Yes, you can modify your coverage through our online portal. Log in to your account and select 'Modify Coverage'"
4,Can I change my coverage online?,Coverage changes can be made online through your account dashboard
4,Can I change my coverage online?,Visit our website and log in to your account to adjust your coverage options
5,What payment methods do you accept?,"We accept credit/debit cards, bank transfers, checks, and automatic payments through your bank account"
5,What payment methods do you accept?,"You can pay using any major credit card, bank transfer, or set up automatic payments"
5,What payment methods do you accept?,"Multiple payment options are available including credit cards, ACH, and checks"
6,How can I get a copy of my policy?,You can download your policy documents from your online account or request a copy by email
6,How can I get a copy of my policy?,"Log into your account to access all policy documents, or contact us to have them emailed to you"
6,How can I get a copy of my policy?,Policy documents are available in your online account or by request through customer service
7,What discounts are available?,"We offer multiple discounts including: multi-policy, safe driver, good student, and home security system discounts"
7,What discounts are available?,"Available discounts include bundling policies, maintaining a clean driving record, and home safety features"
7,What discounts are available?,Ask about our various discount programs - you might qualify for several!
8,How do I update my personal information?,You can update your information through your online account or by calling our customer service team
8,How do I update my personal information?,Personal information updates can be made online or by contacting us directly
8,How do I update my personal information?,"Log into your account to update your contact details, address, or other personal information"
9,What is covered under my home insurance policy?,"Standard home insurance typically covers structure damage, personal property, liability, and additional living expenses"
9,What is covered under my home insurance policy?,"Your policy includes coverage for your home's structure, belongings, liability protection, and temporary living costs if needed"
9,What is covered under my home insurance policy?,"Home insurance protects against damage to your house, personal belongings, and provides liability coverage"
10,How do I cancel my policy?,"To cancel your policy, please contact our customer service team or submit a cancellation request through your online account"
10,How do I cancel my policy?,Policy cancellation requests can be submitted online or by speaking with a representative
10,How do I cancel my policy?,Contact us to discuss policy cancellation options and any potential refunds
